long_name,average_attacking,prediction
Lorenzo Di Livio,55.36363636363637,56.907649051978936
Juan Gabriel Celaya,41.54545454545455,42.36421958154114
Brayan Alexander Monta�o Qui��nes,51.81818181818182,51.72333916083916
Alejandro Almada,57.0,56.907649051978936
__ __,55.36363636363637,56.907649051978936
_ __,57.0,56.907649051978936
__ __,15.636363636363637,14.155785123966945
__ __,55.63636363636363,56.907649051978936
___ __,53.18181818181818,53.45213600030595
Gabriel Nicol�s Benegas,50.36363636363637,47.661893939393934
Teo Claudinei Castrofeito Silva,55.36363636363637,55.13238390976907
H�ctor Fern�ndez Fern�ndez,54.54545454545455,53.45213600030595
Dominik Brunnh�bner,14.0,14.155785123966945
Emre U_ur Uru�,46.90909090909091,47.661893939393934
Yi_itcan G�lboyu,36.81818181818182,36.80754795663052
Sabit Hakan Y�lmaz,53.63636363636363,55.13238390976907
Cristi�n Rodrigo Gonz�lez Gallegos,58.63636363636363,55.13238390976907
Guillaume Sarrabayrouse,53.27272727272727,53.45213600030595
Can Demir Aktav,36.36363636363637,34.66771159874606
Dimitar Iliev,56.27272727272727,56.907649051978936
Michelle Katsvairo,53.0,55.13238390976907
Pol Ballest� L�pez,26.454545454545453,22.589992140424417
Aldo Xavier Maga�a Padilla,50.63636363636363,47.661893939393934
Aleksandr Gorbatyuk,33.54545454545455,36.80754795663052
David Sub�as Alfonso,40.0,42.36421958154114
Diego Bartolota Camarillo,55.81818181818182,53.45213600030595
Stefano Cason,37.54545454545455,36.80754795663052
Math�as Guzm�n Rivero,52.27272727272727,51.72333916083916
Slaven Juri_a,56.18181818181818,56.907649051978936
Lorenzo Carissoni,45.90909090909091,45.78126056100033
Ruggero Mannes,51.90909090909091,51.72333916083916
V�tor Emanuel Gon�alves S�o Bento,14.909090909090908,14.155785123966945
Henk van Schaik,38.45454545454545,36.80754795663052
Filippo Damian,57.81818181818182,55.13238390976907
Diego Armando Godoy V�zquez,49.90909090909091,49.85918666216063
Ali Faez Atiyah,45.0,44.331114808652245
Emerson Maicon Caeiro Baia,54.45454545454545,55.13238390976907
Serbay Can,54.27272727272727,53.45213600030595
C�sar Andr�s Ortiz Castillo,46.81818181818182,47.661893939393934
F�bio Abreu Mesquita,13.909090909090908,14.155785123966945
Leomar Jos� Pinto Blanco,57.63636363636363,56.907649051978936
Dean Delany,18.636363636363637,19.821443900764013
Jamie McGuire,49.27272727272727,49.85918666216063
Stefan �lander,43.27272727272727,42.36421958154114
Frank Hansen,59.36363636363637,58.997805011889504
Josh Gowling,41.45454545454545,39.3505012098168
Sebastian Sorsa,55.90909090909091,56.907649051978936
Piotr _wielong,56.81818181818182,56.907649051978936
Danilo Esteban Arrieta Cerda,50.18181818181818,51.72333916083916
Russell Penn,52.45454545454545,53.45213600030595
Przemys_aw Pitry,56.09090909090909,55.13238390976907
Alan Keane,45.09090909090909,47.661893939393934
Nicholas Ferenc Deverdics,46.72727272727273,47.661893939393934
Mads Toppel,13.272727272727273,16.216340621403912
Paul Junior Bignot,44.18181818181818,44.331114808652245
James Ryan Jennings,54.45454545454545,53.45213600030595
Davide Raffaello,62.45454545454545,58.997805011889504
Pat Flynn,48.36363636363637,47.661893939393934
Gavin Andrew Hoyte,46.90909090909091,47.661893939393934
Carl Ronald Joseph Magnay,55.45454545454545,53.45213600030595
Jos� Silverio Rocchi Guzm�n,18.363636363636363,17.025622719339992
Geoffrey Lembet,16.818181818181817,17.025622719339992
_ukasz Tymi_ski,52.18181818181818,53.45213600030595
Rashid Yussuff,48.36363636363637,47.661893939393934
___ ___,56.18181818181818,56.907649051978936
___ Jae Hun Hwang,53.36363636363637,55.13238390976907
___ ___,18.818181818181817,17.025622719339992
Damir Mehi_,15.454545454545455,14.155785123966945
Mansour Yahya Al Najei,17.454545454545453,19.821443900764013
Mathias Wichmann Andersen,57.36363636363637,55.13238390976907
__ __,53.90909090909091,55.13238390976907
___ ___,48.0,47.661893939393934
Lee Lucas,54.18181818181818,53.45213600030595
Brad McDonald,52.54545454545455,51.72333916083916
Jordan Michael Slew,51.36363636363637,49.85918666216063
Benjamin Marc Williamson,51.63636363636363,51.72333916083916
Chris Kettings,17.09090909090909,17.025622719339992
___ ___,56.09090909090909,55.13238390976907
Alberto Prada Vega,41.54545454545455,42.36421958154114
Jesse Makarounas,56.81818181818182,56.907649051978936
An�l Ko�,55.54545454545455,55.13238390976907
Lorenzo Tassi,58.63636363636363,56.907649051978936
Matthew Fletcher,51.63636363636363,47.661893939393934
Luca Crescenzi,37.0,35.679170344218875
Andrea Mancini,57.45454545454545,56.907649051978936
___ Jun Ho Lee,44.36363636363637,44.331114808652245
Abdulsalam Al Shereaf,49.72727272727273,51.72333916083916
Meshal Al Anazi,57.81818181818182,56.907649051978936
Mohammed Sharifi,19.818181818181817,17.025622719339992
Salman Al Sbeani,52.54545454545455,55.13238390976907
Mitch Cooper,51.0,53.45213600030595
Mynor Javier Escoe Miller,56.18181818181818,56.907649051978936
Hadi Yahya,31.272727272727273,34.66771159874606
Enock Kwakwa,52.54545454545455,55.13238390976907
Joel Enarsson,49.09090909090909,45.78126056100033
Denzil Michael Franco,49.63636363636363,49.85918666216063
Haris Tabakovi_,47.81818181818182,45.78126056100033
Mike Rigoberto Gelito Ott,55.27272727272727,56.907649051978936
Emery Welshman,54.18181818181818,53.45213600030595
Ahmed Mohammed Krenshi,52.27272727272727,53.45213600030595
___,52.63636363636363,53.45213600030595
Ntuthuko Radebe,48.0,51.72333916083916
Luke Zantua Woodland,52.81818181818182,51.72333916083916
Abdullah Al Arraf,19.181818181818183,19.821443900764013
Carlos Alfredo Contreras Zambrano,51.27272727272727,53.45213600030595
Jimmy Andr�s Cisterna Moya,53.72727272727273,55.13238390976907
Vyacheslav Zinkov,58.27272727272727,56.907649051978936
Manuel Jes�s Briones Viveros,45.81818181818182,47.661893939393934
Marc Anthony Klok,51.36363636363637,51.72333916083916
Michael Neill,53.18181818181818,53.45213600030595
Juwon Oshaniwa,47.45454545454545,47.661893939393934
Bradley Fewster,49.36363636363637,49.85918666216063
Yoiver Gonz�lez Mosquera,43.36363636363637,44.331114808652245
Berk _smail �nsal,51.0,47.661893939393934
Nick Borgman,22.454545454545453,22.589992140424417
Jorge Alberto Escamilla Moreno,61.90909090909091,58.997805011889504
Zlatan Krizanovi_,50.36363636363637,47.661893939393934
Chung Yoon Yoo,35.63636363636363,35.679170344218875
Vadim Steklov,53.90909090909091,55.13238390976907
Alessio Alessandro,53.72727272727273,55.13238390976907
Ali Ya_ar,46.90909090909091,47.661893939393934
Lotem Zino,48.81818181818182,47.661893939393934
Santiago Jos� Adolfo Altamira V�zquez,35.81818181818182,35.679170344218875
Rodney Antwi,56.09090909090909,55.13238390976907
Thomas Robson,48.36363636363637,49.85918666216063
Mat�as Aquino Pintos,54.18181818181818,55.13238390976907
Yusuf �ataloluk,55.27272727272727,55.13238390976907
Mateo Castellano,54.90909090909091,55.13238390976907
Rees Greenwood,55.18181818181818,53.45213600030595
Fernando Javier Lugo,17.727272727272727,17.025622719339992
Abdulelah Saleh Al Amer,35.09090909090909,35.804713804713806
Luis Felipe Campos G�mez,37.18181818181818,34.66771159874606
Pablo Sebasti�n Cuevas,43.18181818181818,44.331114808652245
Boyd Okwuonu,43.0,44.331114808652245
Corentin Ko�ur,56.18181818181818,53.45213600030595
Lum Rexhepi,44.36363636363637,42.36421958154114
___,47.36363636363637,47.661893939393934
Sergio Candelario Sosa,54.90909090909091,53.45213600030595
Ibrahim Al Talhi,53.81818181818182,56.907649051978936
Matteo Gasperi,54.90909090909091,51.72333916083916
Teddy Chaouche,55.81818181818182,55.13238390976907
Nahir Ezequiel Bonacorso,49.81818181818182,51.72333916083916
Julen Hualde Lanz,42.45454545454545,42.36421958154114
Jonh Gonz�lez,54.09090909090909,53.45213600030595
Jos� Luis D�az,43.90909090909091,44.331114808652245
Bartu Kurtuldu,54.27272727272727,51.72333916083916
Florian Templ,53.27272727272727,51.72333916083916
Vadim Manzon,46.45454545454545,42.36421958154114
Christopher Lina,50.63636363636363,49.85918666216063
Jos� Adolfo Guerra Argote,46.63636363636363,44.331114808652245
Marijn de Kler,49.45454545454545,47.661893939393934
Hugo Andr�s Herrera Jaramillo,54.63636363636363,56.907649051978936
Aleksandr Filin,47.27272727272727,49.85918666216063
Thomas Biancardini,58.36363636363637,56.907649051978936
Aritz Castro P�rez,15.909090909090908,17.025622719339992
Tim Bl�ttler,49.90909090909091,47.661893939393934
_lker G�naslan,50.0,49.85918666216063
Colin Bonner,43.81818181818182,42.36421958154114
Timo Pitter,57.63636363636363,58.997805011889504
Baba Mensah,33.81818181818182,35.679170344218875
Joaqu�n Alejandro Molina,49.90909090909091,47.661893939393934
Muhammet Uyan�k,57.90909090909091,58.997805011889504
Favio Alejandro Dur�n,53.90909090909091,53.45213600030595
__ __,45.45454545454545,47.661893939393934
Mauro Daniel Leiva,56.0,56.907649051978936
__ __,46.18181818181818,42.36421958154114
__ _,53.0,55.13238390976907
__ _,40.09090909090909,42.36421958154114
Lucas Piergiacomi,45.09090909090909,45.78126056100033
Sullivan Martinet,51.54545454545455,49.85918666216063
Ricardo Kieboom,13.454545454545455,14.155785123966945
Volkan Pala,50.72727272727273,49.85918666216063
Niklas Fernando Nyg�rd Castro,53.72727272727273,53.45213600030595
Vincent Dorel,14.818181818181818,17.025622719339992
Toni Tasev,48.54545454545455,49.85918666216063
Jamar Dixon,52.09090909090909,53.45213600030595
James Elliott Blanchfield,55.63636363636363,55.13238390976907
Nicol�s Servetto,49.54545454545455,47.661893939393934
Aaron Dhondt,53.45454545454545,51.72333916083916
Nazario Kaio Chalves Bessa,55.81818181818182,55.13238390976907
Robert Bourne,48.54545454545455,49.85918666216063
Jos� Luis Valdez,53.09090909090909,53.45213600030595
Davide Bianchi,52.72727272727273,55.13238390976907
Obed Malolo,52.09090909090909,53.45213600030595
Shaun Mark Pearson,37.63636363636363,34.66771159874606
Ivo Facundo Chaves,47.72727272727273,47.661893939393934
Joey Groenbast,44.54545454545455,44.331114808652245
Ruben de Jager,50.81818181818182,47.661893939393934
Iacopo Cernigoi,47.72727272727273,44.331114808652245
C�sar Andr�s Assia Mora,45.36363636363637,45.78126056100033
Dragomir Vukobratovi_,47.54545454545455,47.661893939393934
Christian Andr�s Vaquero Abad,44.27272727272727,42.36421958154114
Fabian Israel Nu�ez Cort�s,56.18181818181818,56.907649051978936
Holly Tshimanga,51.09090909090909,53.45213600030595
Danny Stassar,44.90909090909091,44.331114808652245
Sebastien Amoros,56.45454545454545,56.907649051978936
Sergiy Pogorilyi,14.545454545454545,14.155785123966945
Mateo Agust�n Acosta,42.36363636363637,36.80754795663052
Faisal Ayyadah Al Dhafeeri,53.18181818181818,55.13238390976907
Dmytro Shcherbak,56.36363636363637,56.907649051978936
Daniel Roberto Garro,57.36363636363637,53.45213600030595
_smail Can �avu_luk,50.72727272727273,49.85918666216063
Gorka Alegr�a Saralegui,13.545454545454545,17.025622719339992
Helder Renan Cuinha Anjos,52.18181818181818,53.45213600030595
Vanderlei Tiago Dimao Couto,53.81818181818182,53.45213600030595
Alexandre Lavenant,41.09090909090909,39.926919682259495
Javier Ra�l Fern�ndez,53.72727272727273,53.45213600030595
Christian Borrego Isabel,55.63636363636363,58.997805011889504
Moussa Seydi,54.27272727272727,55.13238390976907
Lee Mansell,52.45454545454545,51.72333916083916
___ Cheol-Ho Kim,53.09090909090909,51.72333916083916
Dariusz Zjawi_ski,51.36363636363637,51.72333916083916
Matthew Bates,42.54545454545455,42.36421958154114
Mateusz B_k,16.636363636363637,16.216340621403912
Jean-Fran�ois Kornetzky,19.727272727272727,17.025622719339992
Asa Philip Hall,54.54545454545455,53.45213600030595
Alex Lawless,49.54545454545455,51.72333916083916
Thiago Queiroz Bezerra,56.45454545454545,56.907649051978936
Mario Mutsch,56.18181818181818,55.13238390976907
Luca Liverani,26.181818181818183,24.430463576158928
Peter Murphy,51.81818181818182,51.72333916083916
Scott Boden,53.0,51.72333916083916
__ __,57.81818181818182,55.13238390976907
Meshal Al Saeed,40.0,42.36421958154114
Adam Bartlett,19.636363636363637,19.821443900764013
Ali_an _eker,17.454545454545453,17.025622719339992
Thierry Gerard Audel,42.72727272727273,42.36421958154114
Bondz Bondzanga N'Gala,37.36363636363637,36.80754795663052
Islam Feruz,52.54545454545455,55.13238390976907
Amadaiya Rennie,53.90909090909091,51.72333916083916
Robert Sandnes,53.45454545454545,51.72333916083916
Ciar�n Kilduff,50.0,47.661893939393934
___ Min Sik Kim,19.727272727272727,19.821443900764013
Bartosz Kaniecki,18.818181818181817,16.216340621403912
___ ___,57.27272727272727,56.907649051978936
Antonio Montella,55.0,51.72333916083916
Mario B�hler,49.36363636363637,47.661893939393934
Jack Barthram,48.81818181818182,49.85918666216063
___ Se Jik Park,56.45454545454545,55.13238390976907
Jack Anthony Dunn,52.81818181818182,53.45213600030595
Michael Joseph Arantes Seaton,48.0,47.661893939393934
Joong Gwon Lee,50.45454545454545,53.45213600030595
Connor Hunte,52.54545454545455,53.45213600030595
Sergey Bozhin,36.72727272727273,34.66771159874606
Henry Steven Sanhueza Gonz�lez,48.36363636363637,47.661893939393934
�ngel Mu�oz Castro,54.0,55.13238390976907
Arif Ekin,56.0,55.13238390976907
Charlee Adams,48.54545454545455,47.661893939393934
Amir Falahen,50.27272727272727,47.661893939393934
__ __,19.636363636363637,19.821443900764013
Ferid Matri,38.09090909090909,36.80754795663052
Dante Hern�n Mart�nez Jara,49.18181818181818,49.85918666216063
Muhammed Alperen Uysal,21.272727272727273,19.821443900764013
Jordano Andr�s Cisterna Torreblanca,38.81818181818182,38.382165605095565
Juan Carlos Pati�o Restrepo,17.545454545454547,17.025622719339992
Bryan Eduardo Urue�a D�az,50.45454545454545,49.85918666216063
Daniel Edvardsen,50.09090909090909,47.661893939393934
Saliu Popoola Sodiq,52.81818181818182,55.13238390976907
Alexander B�rje Achinioti-J�nsson,45.0,45.78126056100033
___,51.72727272727273,53.45213600030595
Michael Zant,33.09090909090909,30.969917355371905
Mert Il�man,53.45454545454545,51.72333916083916
Sergiusz Prusak,20.545454545454547,17.025622719339992
Wes Atkinson,45.45454545454545,47.661893939393934
Johan Ter Horst,50.45454545454545,49.85918666216063
Salman Ahmed Hazazi,46.27272727272727,47.661893939393934
Luka Kikabidze,58.18181818181818,56.907649051978936
Dany Roger Bornand Da Silva,20.363636363636363,19.821443900764013
Jacob Hjelte,50.18181818181818,47.661893939393934
Christian Ortag,21.545454545454547,19.821443900764013
Kenan Ery�ksel,53.54545454545455,53.45213600030595
Sinan Ery�ksel,50.36363636363637,51.72333916083916
C�sar Escobedo Navarro,52.45454545454545,51.72333916083916
Jean-Marie Ulrich N'Nomo N'Gong,48.27272727272727,49.85918666216063
Ivan Ignacio Sandoval,47.27272727272727,47.661893939393934
Nikolay Stankevich,53.81818181818182,53.45213600030595
Emre Y�lmaz,20.818181818181817,19.821443900764013
Gabriel Etinof,56.36363636363637,56.907649051978936
Fahad Khaled Al Sagri,51.54545454545455,51.72333916083916
Franco Tom�s Quiroga,46.09090909090909,47.661893939393934
John Anthony Requejo,44.0,44.331114808652245
Prosper Kasim,54.36363636363637,53.45213600030595
Bilal Sezer,55.90909090909091,56.907649051978936
Alphousseyni San�,37.0,34.66771159874606
Ridwan Gyselinck,40.63636363636363,38.382165605095565
Callum Preston,19.0,17.025622719339992
Marko Dugand_i_,49.45454545454545,45.78126056100033
Kyle McFarlane,47.81818181818182,47.661893939393934
Yanis Hamzaoui,49.54545454545455,49.85918666216063
Owain Jones,52.36363636363637,51.72333916083916
Senne Van Dooren,45.90909090909091,45.78126056100033
Rai Simons,51.90909090909091,49.85918666216063
Volodymyr Koval,46.72727272727273,47.661893939393934
Enis Bunjaki,49.63636363636363,49.85918666216063
Ramiro Alexis R�os,34.63636363636363,35.804713804713806
Nick Wolters,20.09090909090909,17.025622719339992
Dominic Kurasik,21.818181818181817,22.589992140424417
Carlos Humberto L�pez Guzm�n,36.54545454545455,36.80754795663052
Jaime Serrano Gonzalez-Granda,48.36363636363637,47.661893939393934
Omar Yecid Manjarr�s Noriega,49.36363636363637,51.72333916083916
Juan Jos� Contreras Contreras,45.72727272727273,47.661893939393934
Oscar Francis Borg,56.36363636363637,55.13238390976907
Jordan Lee,45.81818181818182,45.78126056100033
Samuel Delli Carri,37.54545454545455,35.804713804713806
Mehmet Tu_rul Ba_kan,53.81818181818182,53.45213600030595
Luka Beli_,54.36363636363637,55.13238390976907
Luthando Leonard Sixhaso,15.818181818181818,17.025622719339992
Jonathan Mexique,51.90909090909091,51.72333916083916
Danny Cano S�nchez,32.90909090909091,34.66771159874606
Juan Sebasti�n Duque Rodr�guez,15.181818181818182,17.025622719339992
Leandro David Fern�ndez,48.09090909090909,45.78126056100033
Jens Kristian Skogmo,46.81818181818182,47.661893939393934
Kyle Milne Cameron,40.63636363636363,41.148261134838314
Roy Andr� Miljeteig,56.18181818181818,53.45213600030595
Enzo Michel Acosta,52.63636363636363,51.72333916083916
Robbie Ringoet,52.63636363636363,53.45213600030595
Nicol�s Jes�s Ciribe,13.454545454545455,14.155785123966945
Robertino Ins�a,56.36363636363637,56.907649051978936
Santiago Nicol�s Paz,49.45454545454545,49.85918666216063
Gianfranco Ferrero,55.81818181818182,55.13238390976907
__ __,45.72727272727273,44.331114808652245
__ __,54.27272727272727,55.13238390976907
__ __,42.27272727272727,42.36421958154114
Tae Soo Yun,49.72727272727273,49.85918666216063
Lucas Gabriel Di Yorio,49.09090909090909,45.78126056100033
Kevin Alejandro Ceceri,44.72727272727273,44.331114808652245
Jeff Callebaut,60.0,58.997805011889504
Alvin Severino Meldeiros Montez,51.36363636363637,51.72333916083916
D�ner Ad�o Santoso Mendez,59.45454545454545,58.997805011889504
�der Marvin Aldralho Castro,56.27272727272727,53.45213600030595
Abdoulaye Sanogo,52.81818181818182,55.13238390976907
Bradley Mazikou,45.45454545454545,45.78126056100033
Aaron Mattia Tabacchi,50.72727272727273,51.72333916083916
Jorge Alexandre Oliveira Azevedo,49.90909090909091,49.85918666216063
Oliver John Harfield,47.72727272727273,47.661893939393934
Ahmet Bah��van,51.36363636363637,51.72333916083916
Mikkel Jespersen,52.45454545454545,51.72333916083916
Sergio Esteban Riffo D�az,55.09090909090909,55.13238390976907
Dino Sebastian Agote Delgado,46.18181818181818,47.661893939393934
Tardelis Pe�a Gonz�lez,29.181818181818183,30.969917355371905
Mirco Spighi,51.0,49.85918666216063
Marco C�sar Jaime,35.63636363636363,35.804713804713806
�scar Alejandro Torres Mora,34.09090909090909,36.80754795663052
__ __,50.81818181818182,49.85918666216063
David Ijaha,47.27272727272727,45.78126056100033
Vitaliy Gemega,52.36363636363637,53.45213600030595
Gianni Cassar� Usart,28.0,22.589992140424417
Pedro Federico B�ez Ben�tez,49.36363636363637,49.85918666216063
Jorge Ignacio Fa�ndez Contreras,47.36363636363637,47.661893939393934
Niek Hoogveld,40.72727272727273,42.36421958154114
Chovanie Amatkarijo,49.63636363636363,51.72333916083916
Mikhail Borodko,17.727272727272727,17.025622719339992
Alexis Man�,51.54545454545455,49.85918666216063
Agust�n Araujo,55.27272727272727,58.997805011889504
Tom�s Spinelli,52.09090909090909,51.72333916083916
Aitor Chueca Agoiz,19.90909090909091,22.589992140424417
Ben Hinchliffe,53.90909090909091,51.72333916083916
Ailton Nuno Gesser Magela,47.63636363636363,47.661893939393934
Vincent Rabiega,50.81818181818182,49.85918666216063
Fabian Gmeiner,48.45454545454545,49.85918666216063
Bartosz Wolski,53.90909090909091,55.13238390976907
Ryan Esson,15.909090909090908,17.025622719339992
Franz Burgmeier,57.0,56.907649051978936
Gareth McGlynn,54.54545454545455,53.45213600030595
Wojciech Skaba,17.09090909090909,17.025622719339992
Alan McNally,40.90909090909091,39.926919682259495
Mattias Hugosson,17.636363636363637,17.025622719339992
Kevin O'Connor,51.0,49.85918666216063
Cristian Castells Ortega,43.27272727272727,42.36421958154114
Orlando Pineda Torres,56.54545454545455,55.13238390976907
Diego Ciccone,52.0,51.72333916083916
Ivan Necevski,18.818181818181817,17.025622719339992
Jonathan Franks,52.0,53.45213600030595
Damian Piotrowski,51.36363636363637,51.72333916083916
__ __,14.909090909090908,14.155785123966945
Martin Grasegger,40.45454545454545,39.926919682259495
Kamal Mustafa,52.36363636363637,51.72333916083916
Derek Prendergast,34.09090909090909,36.80754795663052
Ali Dere,52.09090909090909,49.85918666216063
_ukasz Bogus_awski,52.36363636363637,49.85918666216063
Chris Arthur,51.63636363636363,49.85918666216063
Mikkel Vestergaard,50.90909090909091,49.85918666216063
Lloyd Allinson,18.0,14.155785123966945
Daniel Ledwith,53.81818181818182,53.45213600030595
Philip Roberts,53.0,55.13238390976907
Marc McCallum,14.727272727272727,14.155785123966945
David Atkinson,34.45454545454545,35.804713804713806
Loris Bacchetti,33.27272727272727,36.80754795663052
Anton Rodgers,54.72727272727273,53.45213600030595
Massir� Kant�,51.45454545454545,47.661893939393934
Liam Wakefield,47.72727272727273,47.661893939393934
Benjam�n Ubierna Barandiar�n,53.27272727272727,51.72333916083916
G�zim Shalaj,51.45454545454545,49.85918666216063
Tobias Nilsson,54.09090909090909,51.72333916083916
David Fitzpatrick,52.54545454545455,53.45213600030595
Mohamed Salim Al Safri,47.27272727272727,47.661893939393934
Lorenzo Bardini,21.0,17.025622719339992
Alwyn George,50.0,51.72333916083916
Alexander James Davey,39.81818181818182,36.80754795663052
Liam Graham,51.0,51.72333916083916
Emil Alejon Bellander,45.27272727272727,42.36421958154114
Aleksandr Morgunov,54.72727272727273,55.13238390976907
Esteban Ezequiel Esp�ndola L�pez,41.63636363636363,44.331114808652245
Gentrit Citaku,54.90909090909091,53.45213600030595
Humberto Leonardo Guzm�n Mu�oz,47.36363636363637,44.331114808652245
Cristhian Felipe Alarc�n Guar�n,52.90909090909091,51.72333916083916
K�vin Diogo,52.90909090909091,51.72333916083916
Ming Yang Yang,52.90909090909091,53.45213600030595
Edoardo Ceria,56.90909090909091,56.907649051978936
Jos� Luis Vidal Romero,44.63636363636363,42.36421958154114
Nikola Zivotic,52.72727272727273,51.72333916083916
Luis Alejandro Malag�n Liscano,33.45454545454545,35.804713804713806
Hrvoje Mili_evi_,46.54545454545455,44.331114808652245
Edwin Roberto Sandez Cota,49.0,47.661893939393934
Hyuk Jin Kim,49.45454545454545,49.85918666216063
___,38.0,36.80754795663052
Charlie Harris,52.72727272727273,53.45213600030595
Ramon Cecchini,52.09090909090909,53.45213600030595
S�bastien Mpeck-Makendi,21.09090909090909,22.589992140424417
Laurent Amiens,36.63636363636363,34.66771159874606
Mauricio Alejandro Flores Far�as,48.09090909090909,49.85918666216063
Eddi Gava,21.545454545454547,19.821443900764013
Ahmed Al Oufi,52.45454545454545,53.45213600030595
Tolga Gemici,21.09090909090909,19.821443900764013
Kyle Cameron Walter Spence,48.45454545454545,49.85918666216063
Nicol�s Francisco Canavessio,35.45454545454545,34.66771159874606
Ola Adeyemo,47.09090909090909,44.331114808652245
Nicol� Pozzebon,47.90909090909091,47.661893939393934
Andr�s del Olmo Garc�a,51.0,49.85918666216063
Kabongo Tshimanga,51.09090909090909,49.85918666216063
_smail Ayaz,54.18181818181818,53.45213600030595
Jorge Sebasti�n Mat�as Lag�es Su�rez,49.90909090909091,51.72333916083916
Kostadin Gadzhalov,37.90909090909091,35.804713804713806
Steve Kuzmanovski,51.18181818181818,53.45213600030595
Jhonathan Caicedo Vergara,51.72727272727273,53.45213600030595
Maximiliano M�ndez,50.81818181818182,51.72333916083916
Gwang Wook Sim,49.18181818181818,51.72333916083916
Chang Hyeon Moon,49.54545454545455,49.85918666216063
Luke Mishu,36.90909090909091,35.804713804713806
Seon Hong Park,57.09090909090909,56.907649051978936
Vebj�rn Walnum Vinje,43.36363636363637,42.36421958154114
Sergio Alfonso Rodr�guez Aguilera,50.54545454545455,49.85918666216063
Abdulrahman Al Saeed,47.45454545454545,47.661893939393934
Andrew Brennan,51.72727272727273,51.72333916083916
Joe Gormley,44.0,42.36421958154114
Lennert De Smul,44.09090909090909,44.331114808652245
Axel Prohouly,52.90909090909091,53.45213600030595
Alessandro Tonti,21.181818181818183,19.821443900764013
James Yates,43.81818181818182,44.331114808652245
Fabi�n Andr�s Astorga Santander,54.0,55.13238390976907
Osvaldo Gabriel Arroyo,43.54545454545455,44.331114808652245
Djair Terraii Carl Parfitt-Williams,54.63636363636363,55.13238390976907
Austine Ikenna,51.18181818181818,49.85918666216063
Matias Ignacio Manriquez Rodriguez,43.81818181818182,44.331114808652245
David Serrano Molina,53.81818181818182,53.45213600030595
Ilya Viznovich,50.09090909090909,49.85918666216063
Giovanni Asken Riquelme,50.54545454545455,51.72333916083916
Aryn Glen Williams,41.27272727272727,42.36421958154114
Liridon Silka,52.36363636363637,51.72333916083916
Germ�n Emmanuel Gait�n,57.81818181818182,58.997805011889504
Jimy Alejandro Mican Prieto,44.81818181818182,45.78126056100033
Joss Didiba Moudoumbou,52.45454545454545,55.13238390976907
Gianni Crichlow,54.54545454545455,55.13238390976907
Aidan Friel,44.0,44.331114808652245
Justin Bilyeu,43.09090909090909,44.331114808652245
Ryan Herman,13.909090909090908,14.155785123966945
Niclas Anders�n,43.72727272727273,45.78126056100033
Pedro David Ram�rez L�pez,14.545454545454545,17.025622719339992
Dylann Dufrenne,14.818181818181818,14.155785123966945
__ __,33.81818181818182,36.80754795663052
___,30.454545454545453,30.969917355371905
Guido Rossetti,15.0,17.025622719339992
Franco Tom�s Sosa,54.90909090909091,55.13238390976907
__ __,15.0,14.155785123966945
__ __,50.27272727272727,51.72333916083916
Wiktor _ytek,53.0,53.45213600030595
__ __,50.81818181818182,51.72333916083916
Tim Fahrenholz,51.81818181818182,53.45213600030595
___,50.72727272727273,49.85918666216063
Stefano Contreras C�spedes,43.27272727272727,44.331114808652245
Juan Carabal�,31.454545454545453,30.969917355371905
Aleksey Tataev,36.18181818181818,35.804713804713806
Nahuel P�jaro,51.09090909090909,53.45213600030595
Kemal R�zgar,47.18181818181818,47.661893939393934
Melvin Neves,53.45454545454545,53.45213600030595
Cristian Enzo Neves Lopes,20.0,17.025622719339992
Yusuf F�rat Kaplan,48.09090909090909,51.72333916083916
Nicklas Dannevang,14.272727272727273,14.155785123966945
Mads Nordam,31.818181818181817,30.969917355371905
Andre Coker,55.27272727272727,55.13238390976907
Steve Ryckaert,42.63636363636363,42.36421958154114
Diego De la Tejera Far�as,55.72727272727273,55.13238390976907
Miller Andr�s Moreno Murillo,50.63636363636363,51.72333916083916
_ukasz So_owiej,32.45454545454545,30.969917355371905
Robbie Leitch,51.90909090909091,51.72333916083916
Gabriel Fernando Leiva Rojas,53.90909090909091,55.13238390976907
Jaber Zyad Al Zyadi,45.0,47.661893939393934
Diego Armando Barr�n Neri,55.27272727272727,55.13238390976907
Rodrigo Pascual Viega Alves,54.27272727272727,53.45213600030595
Alejandro L�zaro Rodr�guez,24.363636363636363,22.589992140424417
Roman Laspalles,44.72727272727273,45.78126056100033
Eduardo Mario Jes�s Burruchaga,47.81818181818182,47.661893939393934
Nicol�s Ariel �lvarez,45.81818181818182,45.78126056100033
Omar Nicol�s Fenoll,51.63636363636363,49.85918666216063
Jurrian Jouvenaar,14.181818181818182,14.155785123966945
Carlos Antonio L�pez Cort�z,16.90909090909091,17.025622719339992
Pavel Kudryashov,49.36363636363637,49.85918666216063
Yuriy Kuzmin,55.63636363636363,56.907649051978936
Cristian Mauricio Rivas V�squez,34.63636363636363,35.804713804713806
Drilon Cenaj,52.54545454545455,49.85918666216063
Nuno Rodrigo Correia Al�rio,40.18181818181818,39.926919682259495
Ignazio Battista,54.36363636363637,55.13238390976907
Francesco Di Nolfo,54.18181818181818,55.13238390976907
Marco Acatullo,55.45454545454545,55.13238390976907
Aziz Murat Karahan,14.272727272727273,14.155785123966945
Miguel �ngel Duque Hern�ndez,51.27272727272727,51.72333916083916
Sergio Madrigal Duarte,54.27272727272727,53.45213600030595
Ellis Barkworth,51.63636363636363,49.85918666216063
Geoorgios Makris,47.63636363636363,45.78126056100033
Burak Y�ld�r,49.45454545454545,49.85918666216063
Diego Barrios P�rez,12.818181818181818,14.155785123966945
Jo�o Dallari Oliveira Lima,48.72727272727273,47.661893939393934
Daniel Andersson,17.181818181818183,17.025622719339992
Steven Schumacher,55.36363636363637,53.45213600030595
Mark Quigley,50.81818181818182,51.72333916083916
Anders Emil Nedreb�,46.36363636363637,45.78126056100033
Jacob Berthelsen,46.45454545454545,45.78126056100033
___ ___,18.727272727272727,17.025622719339992
Stephen Walsh,46.36363636363637,45.78126056100033
Dean Kelly,48.72727272727273,47.661893939393934
Enda Curran,48.27272727272727,47.661893939393934
Alexander Lundin,16.727272727272727,14.155785123966945
Ben Tomlinson,45.81818181818182,47.661893939393934
Ruben Digernes Hols�ter,52.63636363636363,53.45213600030595
Craig Hyland,23.454545454545453,19.821443900764013
Emad Al Dosari,19.90909090909091,19.821443900764013
Fadil Sido,53.18181818181818,51.72333916083916
Danila Yashchuk,52.09090909090909,51.72333916083916
Charlie Martin Grainger,24.0,22.589992140424417
Raffaele Imparato,38.90909090909091,39.926919682259495
___ Se Hun Kim,48.63636363636363,47.661893939393934
Lazar Petkovi_,18.0,17.025622719339992
Danny Furlong,49.54545454545455,47.661893939393934
Peter McGlynn,50.36363636363637,49.85918666216063
Armin Aganovic,37.72727272727273,36.80754795663052
Brayan Camilo Reyes,53.72727272727273,53.45213600030595
Thomas Keith Robert Beere,53.54545454545455,53.45213600030595
Bryan Cubillos,50.27272727272727,51.72333916083916
Alie Sesay,39.72727272727273,39.926919682259495
Alain Rashiv Estrada Dami�n,20.09090909090909,19.821443900764013
Piotr _em_o,36.36363636363637,34.66771159874606
Jonas Skj�tt Gemmer,51.45454545454545,51.72333916083916
Mi_osz Trojak,49.0,47.661893939393934
Alexandre Menay,23.818181818181817,22.589992140424417
___,51.90909090909091,51.72333916083916
Jes�s Manuel Rodr�guez Escorcia,49.72727272727273,47.661893939393934
Marco Carducci,19.454545454545453,17.025622719339992
Dion Leonard Sembie-Ferris,48.54545454545455,49.85918666216063
J�r�my Gagnon-Lapar�,52.90909090909091,49.85918666216063
O_uzhan Demirci,20.818181818181817,19.821443900764013
Alfred Bobson Bawling,50.0,51.72333916083916
Sven Viktor G�tesson,55.0,51.72333916083916
David Ferguson,35.45454545454545,34.66771159874606
Hadi Al Abbas,49.63636363636363,49.85918666216063
Jeff Alan Barria Huenchul,16.90909090909091,16.216340621403912
Juan Enrique M�ndez Gonzalez,44.09090909090909,44.331114808652245
Nicholas George Haughton,51.09090909090909,49.85918666216063
Jelinson Mosquera,48.63636363636363,49.85918666216063
Ivan Knezevic,52.54545454545455,53.45213600030595
Tim Markstr�m,18.90909090909091,17.025622719339992
David Syme,34.36363636363637,36.80754795663052
Diego Carlos Figueroa Cobo,20.818181818181817,19.821443900764013
Viktor Nilsson,31.363636363636363,30.969917355371905
Phanuel Kavita,32.72727272727273,36.80754795663052
Ben McKendry,49.81818181818182,49.85918666216063
Sadiq El Fitouri,45.18181818181818,44.331114808652245
Yeong Jun Oh,55.45454545454545,53.45213600030595
Rob Lovejoy,53.18181818181818,51.72333916083916
Jorge Rico V�zquez,52.90909090909091,49.85918666216063
Michael Endlicher,54.72727272727273,55.13238390976907
Arent-Emil Klaussen Hauge,53.63636363636363,53.45213600030595
Fredrik Michalsen,53.54545454545455,51.72333916083916
Rino Anto,39.54545454545455,39.926919682259495
Fernando Rub�n Alarc�n,35.72727272727273,35.804713804713806
Michael Edward Gash,46.72727272727273,45.78126056100033
Gabriellius Judickas,45.45454545454545,45.78126056100033
Riccardo Ferrara,21.545454545454547,19.821443900764013
Yovani Jos� Ricardo Garc�a,51.0,51.72333916083916
Krystian Kujawa,31.727272727272727,30.969917355371905
Emil _upi_ski,49.09090909090909,49.85918666216063
Jake Orrell,49.72727272727273,51.72333916083916
Rowan Anthony Liburd,46.27272727272727,42.36421958154114
Khalid Ali Al Magraby,43.45454545454545,45.78126056100033
Louis Deschateaux,19.272727272727273,19.821443900764013
Andreas Malde Breimyr,52.36363636363637,51.72333916083916
Angelo Giovanni Araos Llanos,51.09090909090909,53.45213600030595
Rashade Sido,54.81818181818182,55.13238390976907
Kevin Oliveros,49.90909090909091,53.45213600030595
Mois�s Alejandro �vila Quintanilla,47.27272727272727,51.72333916083916
Andriy Boryachuk,50.09090909090909,51.72333916083916
Hans Axel M�ller Odriozola,54.54545454545455,55.13238390976907
Geraldo Am�ncio Matsimbe,49.90909090909091,47.661893939393934
Ivo Ivanov,32.0,30.969917355371905
Samuel Monday Ayinoko Abu,50.54545454545455,51.72333916083916
Joseph Katebian,50.81818181818182,49.85918666216063
Camilo Andr�s Blanco Fl�rez,44.45454545454545,45.78126056100033
Robert Alex Morrell,47.54545454545455,49.85918666216063
Ben Polk,46.54545454545455,49.85918666216063
Charles Trafford,48.36363636363637,49.85918666216063
Fernando Redondo,49.72727272727273,49.85918666216063
__ __,39.63636363636363,42.36421958154114
Juan Pablo Noce,15.545454545454545,14.155785123966945
__ __,18.818181818181817,17.025622719339992
__ __,11.636363636363637,14.155785123966945
__ ___,16.0,17.025622719339992
__ __,48.09090909090909,51.72333916083916
__ __,45.09090909090909,44.331114808652245
__ __,53.18181818181818,53.45213600030595
__ __,43.81818181818182,44.331114808652245
Dub�n Mart�nez,46.45454545454545,45.78126056100033
Santiago Agust�n Villarreal,38.0,35.804713804713806
Felix Bindel�v,41.36363636363637,42.36421958154114
Vincent Schmidt,44.27272727272727,44.331114808652245
Thomas Dyson,52.18181818181818,51.72333916083916
Dante Zacar�as Mor�n Correa,51.36363636363637,51.72333916083916
Alexander Hollman,42.18181818181818,44.331114808652245
Lassi J�rvenp��,39.81818181818182,39.926919682259495
Ben Wynter,41.18181818181818,41.148261134838314
Rodrigo Ram�n Burgos Oviedo,51.54545454545455,51.72333916083916
Santiago San Rom�n Celorio,52.18181818181818,51.72333916083916
Cyril Fogacci,16.0,17.025622719339992
Kyjuon Marsh-Brown,53.63636363636363,53.45213600030595
Sharly Mabussi,44.27272727272727,44.331114808652245
Eduardo Luis Carrillo Vald�z,44.27272727272727,44.331114808652245
__ __,42.63636363636363,42.36421958154114
Sebastien Ito Mavitidi,45.09090909090909,47.661893939393934
Kevin Magri,42.27272727272727,42.36421958154114
Przemys_aw Stolc,44.45454545454545,42.36421958154114
Donald Mokondelela,55.63636363636363,55.13238390976907
Liam Fisch,50.54545454545455,51.72333916083916
Kevin Brandst�tter,52.45454545454545,51.72333916083916
Josu� Abraham L�zaro Navarro,52.09090909090909,53.45213600030595
Dennis Agyare Antwi,46.45454545454545,45.78126056100033
Lorenzo Bur�n Aranda,56.45454545454545,55.13238390976907
Vladislav Masalskiy,35.81818181818182,36.80754795663052
Egor Golenkov,45.72727272727273,45.78126056100033
Niels Wouters,52.0,49.85918666216063
Matteo Belvisi,40.54545454545455,41.148261134838314
David Khurtsidze,53.45454545454545,53.45213600030595
Serdarcan Eralp,55.63636363636363,55.13238390976907
Dario Alberto Polverini,34.90909090909091,35.804713804713806
Luca Zanimacchia,53.81818181818182,53.45213600030595
Artem Yusupov,45.54545454545455,44.331114808652245
Said Daniel Llambay,51.54545454545455,51.72333916083916
Robin van Iersel,14.545454545454545,17.025622719339992
Vitor Hugo Carvalho Monteiro,51.54545454545455,49.85918666216063
Francisco Gonz�lez,15.818181818181818,17.025622719339992
Bartolom_j Kuru,15.909090909090908,14.155785123966945
Francesco Russo,14.636363636363637,16.216340621403912
Kevin McHugh,52.45454545454545,51.72333916083916
Amari Aaron Morgan-Smith,48.09090909090909,45.78126056100033
Lee Robert Molyneux,53.36363636363637,49.85918666216063
Willem Puddy,19.90909090909091,19.821443900764013
Conor Powell,46.36363636363637,45.78126056100033
Marco Perchtold,45.0,45.78126056100033
Noel Haverty,45.63636363636363,45.78126056100033
Ivan Komissarov,20.181818181818183,17.025622719339992
Sergey Maslov,52.09090909090909,51.72333916083916
Stephen Last,29.636363636363637,30.969917355371905
James Kavanagh,53.27272727272727,51.72333916083916
Don Cowan,48.81818181818182,45.78126056100033
James Rowe,50.36363636363637,51.72333916083916
Liam Martin,48.18181818181818,49.85918666216063
Wojciech Ma_ecki,20.0,19.821443900764013
Adam Hanlon,50.63636363636363,51.72333916083916
David Scully,51.72727272727273,47.661893939393934
Theo Jay Wharton,49.36363636363637,49.85918666216063
Soliman Sofyani,19.727272727272727,19.821443900764013
Fahad Mohammed Al Munaif,46.09090909090909,45.78126056100033
Joachim Osvold,45.45454545454545,44.331114808652245
Andrew Mulligan,50.0,49.85918666216063
Tyrell Belford,18.09090909090909,17.025622719339992
Patryk Wola_ski,20.636363636363637,19.821443900764013
Francesco Pacini,19.0,17.025622719339992
Mohammed Al Taweel,19.363636363636363,19.821443900764013
Salem Hamza Al Khaybari,47.0,45.78126056100033
Stepan Rebenko,38.36363636363637,39.926919682259495
Andrea Mancini,47.18181818181818,49.85918666216063
Kealan Dillon,54.45454545454545,53.45213600030595
Kamil Lech,22.818181818181817,19.821443900764013
Vicente Marcelo Gatica Grand�n,47.09090909090909,45.78126056100033
Aleksander Komor,39.45454545454545,39.3505012098168
Emmanuel Arnold Okwi,47.09090909090909,47.661893939393934
Hardy Binguila,50.54545454545455,51.72333916083916
Anthony Ryan Dudley,48.09090909090909,47.661893939393934
Alveiro S�nchez Ram�rez,48.90909090909091,49.85918666216063
_lter Ayy�ld�z,49.0,47.661893939393934
Jens Rinke Kristensen,20.636363636363637,19.821443900764013
Jack Cowgill,31.818181818181817,30.969917355371905
Hussain Al Shaikh,51.0,51.72333916083916
Guillaume Lesec,21.818181818181817,22.589992140424417
Stefan Umjenovi_,33.90909090909091,36.80754795663052
Michael McSweeney,44.27272727272727,44.331114808652245
Muhammed Kayaroglu,52.72727272727273,53.45213600030595
Leonardo Hilario Figueroa Gonzalez,25.272727272727273,22.589992140424417
Deimer Ruiz Rada,50.36363636363637,49.85918666216063
Marc Marino,49.18181818181818,47.661893939393934
Guido D'Attilio,49.81818181818182,49.85918666216063
Fabio Gerli,51.63636363636363,51.72333916083916
Kodi Lyons-Foster,38.0,35.804713804713806
Ali Al Ahsai,20.454545454545453,22.589992140424417
David O'Sullivan,47.0,44.331114808652245
Victor Mansaray,46.18181818181818,47.661893939393934
Cristian Ignacio Paz,32.63636363636363,30.969917355371905
Diego Ariel Rojas,45.63636363636363,45.78126056100033
Radovan Pavicevic,47.54545454545455,47.661893939393934
Agust�n Pascucci,53.90909090909091,53.45213600030595
Ravy Tsouka Dozi,39.54545454545455,39.926919682259495
Jhon C�sar Mosquera Rivas,47.0,47.661893939393934
Khalid Shakhtiev,36.72727272727273,38.382165605095565
Mat�as Nicol�s Herrera Fuentes,22.636363636363637,22.589992140424417
Armin Mujakic,51.36363636363637,49.85918666216063
Juan Antonio Zu�iga Quiroz,48.54545454545455,49.85918666216063
Yilmar Mosquera,20.09090909090909,17.025622719339992
Richard Nicol�s Paredes Moraga,46.54545454545455,47.661893939393934
Daniel Ram�rez Ram�rez,39.18181818181818,39.926919682259495
Louis Rooney,49.63636363636363,47.661893939393934
Alan Andr�s Chaparro Casanga,16.363636363636363,17.025622719339992
Lawson Sabah,52.36363636363637,53.45213600030595
Albin Ramadani,51.18181818181818,53.45213600030595
V�ctor Hern�n G�lvez Mu�oz,17.90909090909091,19.821443900764013
Eliseo Miranda,49.45454545454545,49.85918666216063
Razak Adebayo Odeyemi,43.45454545454545,42.36421958154114
Vitaliy Shilnikov,20.0,17.025622719339992
Felipe Andr�s Venegas N��ez,50.0,49.85918666216063
Mario Ierardi,42.54545454545455,42.36421958154114
Amani Dickson Mbedule,47.72727272727273,47.661893939393934
Graham Doyle,16.636363636363637,17.025622719339992
Ethan Jones,52.54545454545455,51.72333916083916
Eric Keith Molloy,47.45454545454545,47.661893939393934
Jamie Cobain,42.54545454545455,42.36421958154114
Stefan Hagerup,15.363636363636363,14.155785123966945
Teddy Bergqvist,45.90909090909091,44.331114808652245
Przemys_aw Pyrdek,45.54545454545455,47.661893939393934
Devron Kiber Garc�a Ducker,48.27272727272727,47.661893939393934
Juan Guzm�n,53.54545454545455,53.45213600030595
Uduak Cyril Idemokon,47.09090909090909,45.78126056100033
__ _,51.0,51.72333916083916
Wellington Cirino Priori,33.36363636363637,30.969917355371905
__ __,29.272727272727273,26.487878787878785
__ __,33.63636363636363,36.80754795663052
__ __,32.09090909090909,30.969917355371905
__ __,48.54545454545455,49.85918666216063
__ __,52.63636363636363,55.13238390976907
__ __,50.36363636363637,49.85918666216063
Sulayman Jallow,48.18181818181818,45.78126056100033
Bastien Theral,46.27272727272727,44.331114808652245
Jonathan Larsson,42.36363636363637,42.36421958154114
Mirco Severini,49.81818181818182,49.85918666216063
Yannick Verbist,15.090909090909092,17.025622719339992
__ _,42.27272727272727,44.331114808652245
Amethyst Bradley Ralani,52.63636363636363,53.45213600030595
Cristian Camilo Valencia Cifuentes,32.0,30.969917355371905
Alejandro Zuluaga Arias,32.81818181818182,35.804713804713806
Yair Andr�s Ibarg�en Murillo,35.27272727272727,34.66771159874606
__ __,37.45454545454545,35.804713804713806
Tae Hwan Park,38.72727272727273,41.148261134838314
Ra�l Uche Rubio,49.27272727272727,49.85918666216063
Tiago Miguel Pinho Jogo,51.45454545454545,49.85918666216063
Christopher David Paul,41.81818181818182,42.36421958154114
Addison Garnett,33.27272727272727,35.804713804713806
Pawe_ Wojowski,50.36363636363637,49.85918666216063
Hamed Mohammed Al Sharif,29.90909090909091,30.969917355371905
Pedro Lu�s Moreno Gonz�lez,27.181818181818183,22.589992140424417
Daniel Thur,36.54545454545455,35.804713804713806
Abel Franssen,37.0,34.66771159874606
Tommaso Silvestri,32.27272727272727,30.969917355371905
Ofir Mizrachi,48.27272727272727,47.661893939393934
Maksim Pavlov,14.0,14.155785123966945
Andrey Krasnov,36.09090909090909,34.66771159874606
Dani Koks,50.09090909090909,51.72333916083916
Fareed Al Harbi,48.27272727272727,47.661893939393934
Patrick Maneschijn,51.90909090909091,51.72333916083916
Thijs Dekker,51.0,49.85918666216063
Richard Roy,46.45454545454545,42.36421958154114
Marcelo Salinas-Paulino,21.545454545454547,19.821443900764013
Meshal Khalaf Al Shammari,38.90909090909091,38.382165605095565
Lamin Jawo,42.72727272727273,41.148261134838314
Marco Preti,52.18181818181818,51.72333916083916
Tommaso Equizi,35.54545454545455,34.66771159874606
Tom�s Mart�n Baroni,33.36363636363637,35.804713804713806
Christophe Janssens,39.72727272727273,39.926919682259495
C�sar R�os,18.09090909090909,17.025622719339992
Philip Alexander Bergqvist Rasmussen,50.36363636363637,47.661893939393934
Lewis Horner,52.90909090909091,49.85918666216063
Lewis Hawkins,47.18181818181818,47.661893939393934
Abdulaziz Al Dheyabi,46.54545454545455,49.85918666216063
Robbie Scott Thomson,21.0,19.821443900764013
Humberto Bustamante,28.0,30.969917355371905
Charlevy Mabiala,48.09090909090909,47.661893939393934
Simone Monni,52.72727272727273,49.85918666216063
Jason Williams,42.27272727272727,42.36421958154114
Mart�n Molini,44.18181818181818,44.331114808652245
Juan Carlos Soto Swett,48.54545454545455,47.661893939393934
Dean Rittenberg,51.27272727272727,49.85918666216063
An�bal Gonz�lez Ram�rez,46.54545454545455,47.661893939393934
Carl Ekstrand Hamr�n,32.18181818181818,30.969917355371905
Yones Felfel,50.27272727272727,47.661893939393934
Pascal Albrecht,22.272727272727273,22.589992140424417
James Bransgrove,18.90909090909091,17.025622719339992
Florent Bojaj,46.0,44.331114808652245
Dilan Axel Nicoletti Moscato,18.818181818181817,14.155785123966945
Stephen Best,36.90909090909091,34.66771159874606
Christopher Mannella,45.09090909090909,44.331114808652245
Corie Andrews,49.63636363636363,49.85918666216063
James Mulhall,48.18181818181818,47.661893939393934
Jonathan Malmberg,21.0,19.821443900764013
Marcin Sieber,35.54545454545455,34.66771159874606
Sam Lidington,47.72727272727273,47.661893939393934
Nico Empen,43.72727272727273,45.78126056100033
Aladin Ayoub,19.363636363636363,17.025622719339992
Darwin Jones,44.72727272727273,45.78126056100033
George Hunter,44.90909090909091,44.331114808652245
Zach Steinberger,49.45454545454545,47.661893939393934
Muktar Ahmed,47.09090909090909,45.78126056100033
Andy Thoma,45.0,45.78126056100033
James Frederick Philpot,47.72727272727273,47.661893939393934
Jack Storer,45.90909090909091,45.78126056100033
Seong Hyeon Kim,46.45454545454545,47.661893939393934
Corbin Shires,37.45454545454545,35.804713804713806
Silvio Ano_i_,43.72727272727273,44.331114808652245
Stephen Zinni,49.36363636363637,47.661893939393934
Victor Van De Wiele,47.27272727272727,47.661893939393934
Ivan Markovi_,50.72727272727273,51.72333916083916
Kyle Copp,52.54545454545455,51.72333916083916
Airton Moraes Michellon,20.636363636363637,19.821443900764013
Joshua James Walker,44.54545454545455,44.331114808652245
Jordy Peffer,48.09090909090909,45.78126056100033
Piotr Rogala,35.90909090909091,35.804713804713806
Juan Pablo Fassi �lvarez,49.72727272727273,49.85918666216063
Roger Majafa,52.81818181818182,53.45213600030595
Alessandro Piacenti,20.0,19.821443900764013
Bradley Allen Jackson,50.0,49.85918666216063
Bilali Doucour�,14.090909090909092,14.155785123966945
Gary Delaney,32.90909090909091,30.969917355371905
Aidan Keenan,45.27272727272727,42.36421958154114
Lars Valderhaug,41.81818181818182,41.148261134838314
Alexandre Edgar,52.45454545454545,51.72333916083916
Jackson Palacio S�nchez,46.54545454545455,47.661893939393934
Eduard Guti�rrez,32.45454545454545,34.66771159874606
Sebastian Lundb�ck,48.81818181818182,49.85918666216063
Carlos Mestre,50.0,51.72333916083916
Jos� Cepeda Aguirre,50.90909090909091,49.85918666216063
Neco Jeborie Brett,51.09090909090909,51.72333916083916
Claudio Paul Rubiano Morales,47.18181818181818,47.661893939393934
Lumala Abdu,49.81818181818182,49.85918666216063
__ __,40.63636363636363,39.926919682259495
__ __,48.36363636363637,47.661893939393934
__ __,46.90909090909091,49.85918666216063
__ _,43.90909090909091,44.331114808652245
__ _,43.18181818181818,47.661893939393934
__ __,46.90909090909091,47.661893939393934
__ __,47.45454545454545,47.661893939393934
__ __,47.63636363636363,47.661893939393934
Leonid Otchenashenko,15.181818181818182,17.025622719339992
Diego Antonio Bravo San Mart�n,41.45454545454545,42.36421958154114
Cole Missimo,48.45454545454545,47.661893939393934
Diego Gregory Lara Valenzuela,15.0,14.155785123966945
Matt Pacifici,17.272727272727273,17.025622719339992
Luca Iotti,33.90909090909091,36.80754795663052
Marco Crocchianti,35.0,34.66771159874606
Azzedine Zaidi,48.45454545454545,47.661893939393934
Danil Chernov,34.72727272727273,34.66771159874606
Juan Felipe Santa,47.72727272727273,49.85918666216063
Sergey Podoksenov,51.27272727272727,51.72333916083916
Dennis Schmitt,43.36363636363637,44.331114808652245
Mads Gabel J�rgensen,37.90909090909091,35.804713804713806
Samat Sarsenov,52.18181818181818,49.85918666216063
Juan Ram�n Garc�a Mart�nez,49.72727272727273,51.72333916083916
Nasser Zaher Al Abdali,48.18181818181818,49.85918666216063
Fabi�n Eduardo Hern�ndez Acosta,40.63636363636363,36.80754795663052
Petar Zivkov,51.18181818181818,49.85918666216063
Diego Peralta,54.63636363636363,53.45213600030595
Alvin Sebgia Nzapa,49.72727272727273,49.85918666216063
Juan Math�as Bogado Castro,31.09090909090909,30.969917355371905
Damian Mosiejko,46.72727272727273,47.661893939393934
Florimond Smars,36.54545454545455,34.66771159874606
Can Luka Aydogan,46.45454545454545,45.78126056100033
Johannes Wolff,43.54545454545455,44.331114808652245
Krystian Popiela,47.27272727272727,45.78126056100033
Hassan Abu Shaheen,48.72727272727273,49.85918666216063
Nasser Jahfali,39.45454545454545,42.36421958154114
Aqeel Nasser Zaila,47.63636363636363,45.78126056100033
Pierre-Ange De Franchi,48.09090909090909,47.661893939393934
Lucien Alessandri,49.0,47.661893939393934
Givan Werkhoven,47.63636363636363,45.78126056100033
Sidad Najah Chooly,51.09090909090909,49.85918666216063
Kimarni Smith,47.09090909090909,47.661893939393934
Nathaniel Crofts,49.27272727272727,49.85918666216063
Nikita Kovalev,40.54545454545455,39.926919682259495
Moussa Traor�,16.90909090909091,19.821443900764013
�mer Can Tamursoylu,50.54545454545455,47.661893939393934
Ethan Poulain,37.36363636363637,38.382165605095565
Naisir Carmona Mu�oz,48.63636363636363,49.85918666216063
Mohamed Konat�,45.45454545454545,45.78126056100033
Anderson Pino,42.90909090909091,42.36421958154114
Gareth Ainsworth,51.27272727272727,51.72333916083916
Shaun Batt,45.27272727272727,44.331114808652245
Paul Skinner,22.818181818181817,24.430463576158928
Thomas McMonagle,33.0,34.66771159874606
Maurice Brunner,49.36363636363637,47.661893939393934
Patrick Sean Lacey,47.63636363636363,47.661893939393934
Dawid Smug,20.636363636363637,19.821443900764013
Jordan Richards,43.54545454545455,44.331114808652245
Shane Dunne,50.54545454545455,49.85918666216063
Karanjit Singh,20.272727272727273,19.821443900764013
Ibrahim Taher Al Ibrahim,46.63636363636363,47.661893939393934
Daniel O'Brien,51.72727272727273,49.85918666216063
Michael Hiegl,25.727272727272727,24.430463576158928
Kaiman Anderson,43.36363636363637,42.36421958154114
Liridon Gashi,48.90909090909091,47.661893939393934
Benjamin Rosenberger,45.63636363636363,47.661893939393934
Mustafa Yavuz,30.363636363636363,30.969917355371905
Sebastian John Linnet,18.818181818181817,19.821443900764013
Connor Lemonheigh-Evans,45.90909090909091,45.78126056100033
Paulin Puel,47.18181818181818,44.331114808652245
Tom Fry,53.72727272727273,55.13238390976907
Zane Banton,45.09090909090909,45.78126056100033
Magnus Pedersen,49.36363636363637,47.661893939393934
Krystian St_pniowski,21.545454545454547,19.821443900764013
Jordan Thurtell,18.363636363636363,17.025622719339992
Michael McMullin,37.18181818181818,35.804713804713806
Craig Watson,51.63636363636363,49.85918666216063
John H�kansson,17.363636363636363,17.025622719339992
Entonjo Elezaj,22.272727272727273,19.821443900764013
Mohammed Al Mutawa,45.18181818181818,45.78126056100033
Robin Flu�,50.18181818181818,49.85918666216063
Claudio Dar�o Salina,49.45454545454545,49.85918666216063
Daniel McNulty,36.36363636363637,35.804713804713806
Dylan Mackin,42.72727272727273,41.148261134838314
Jack Whittaker,46.54545454545455,45.78126056100033
Jesper Espung,43.90909090909091,44.331114808652245
Riccardo Maciucca,33.18181818181818,36.80754795663052
Romeo Shahinas,50.27272727272727,49.85918666216063
Arlenzon Luis Ucr�s Brito,48.0,47.661893939393934
Ben Reilly,45.81818181818182,45.78126056100033
Julien Benhaim,39.36363636363637,38.382165605095565
Oliver Muldoon,51.09090909090909,51.72333916083916
Erling Flotve Myklebust,43.27272727272727,42.36421958154114
James Hooper,52.90909090909091,49.85918666216063
Liam Youlley,45.54545454545455,45.78126056100033
Deiner Mera,40.0,39.926919682259495
Henrik Bredeli,47.81818181818182,47.661893939393934
Luke Wall,47.18181818181818,45.78126056100033
Sibongiseni Ngcobo,34.63636363636363,34.66771159874606
Tyler Lyttle,41.81818181818182,42.36421958154114
Julian Rosenstingl,19.181818181818183,19.821443900764013
Albin Skoglund,49.54545454545455,47.661893939393934
Markus Sch�ller,19.454545454545453,17.025622719339992
Jakub Mordec,45.90909090909091,45.78126056100033
Christian Baldinger,16.09090909090909,17.025622719339992
Conor Whittle,46.54545454545455,47.661893939393934
Peter Higgins,45.0,44.331114808652245
Jean-Baptiste L�o,43.72727272727273,42.36421958154114
Mitchell Lagos,45.54545454545455,44.331114808652245
Wade Hamilton,15.545454545454545,14.155785123966945
Erik Zetterberg,47.18181818181818,47.661893939393934
Paul Murphy,41.45454545454545,41.148261134838314
Semir Musi_,47.81818181818182,47.661893939393934
Gulfran Eduardo T�mara Figueroa,33.45454545454545,34.66771159874606
Mihlali Samson Mayambela,47.81818181818182,47.661893939393934
__ __,33.27272727272727,35.804713804713806
__ __,15.818181818181818,14.155785123966945
__ __,43.72727272727273,44.331114808652245
Santos Costa Gustavo,44.0,45.78126056100033
Christer Johnsg�rd,44.09090909090909,42.36421958154114
Brayhan Andr�s Torres Qui�ones,46.72727272727273,47.661893939393934
Bence Verebelyi,13.909090909090908,14.155785123966945
Kacper Falon,49.90909090909091,51.72333916083916
Liam Willams,33.54545454545455,35.679170344218875
Niels Bisp Rasmussen,37.54545454545455,35.804713804713806
Peter Brandl,48.54545454545455,49.85918666216063
Leon Jankowski,13.181818181818182,14.155785123966945
Rickson Mansiamina,48.0,47.661893939393934
Adrian Uniat,49.63636363636363,49.85918666216063
Mi_osz Ka_ahur,41.72727272727273,42.36421958154114
Jacob Florin Torp,41.0,39.926919682259495
Dominik Budzik,52.0,51.72333916083916
Curtis Yebli,45.27272727272727,44.331114808652245
Kristian F�ste,14.363636363636363,14.155785123966945
Allan Firmino Dantas,52.90909090909091,51.72333916083916
Moritz Hischier,52.18181818181818,49.85918666216063
Mazen Al Mubarak,36.72727272727273,38.382165605095565
Nicola Kuleski,44.90909090909091,45.78126056100033
Bai Andrew Antoniou,48.0,47.661893939393934
Ataberk G�rgen,14.090909090909092,14.155785123966945
Lukas Skrivanek,39.45454545454545,39.926919682259495
Antonio Rosti,11.909090909090908,14.155785123966945
Raffaele Giacobbe,15.181818181818182,14.155785123966945
Filippo Dani,15.818181818181818,17.025622719339992
Yeison Daniel Moreno Murillo,41.45454545454545,41.148261134838314
Devin Perales,20.90909090909091,17.025622719339992
Michael Funston,47.09090909090909,45.78126056100033
Antonio Grillo,38.45454545454545,39.926919682259495
Ryan Curran,48.36363636363637,44.331114808652245
Giulio Sanseverino,49.0,47.661893939393934
Jake Charles,49.27272727272727,49.85918666216063
Riccardo Amos Calder,49.09090909090909,47.661893939393934
David Wilson,45.18181818181818,45.78126056100033
Angus Beith,50.81818181818182,49.85918666216063
Mohammed Al Qasem,20.363636363636363,19.821443900764013
Tim Grupp,45.81818181818182,45.78126056100033
Gareth McDonagh,47.90909090909091,47.661893939393934
Fahad Hussain Al Suwailem,47.0,47.661893939393934
Mateusz Zaj_c,20.545454545454547,17.025622719339992
Brayan Esteban Silva Pinto,19.90909090909091,19.821443900764013
Marco Boscolo Zemelo,42.45454545454545,36.80754795663052
Hasan Kuru�ay,35.09090909090909,35.679170344218875
Marcus Beauchamp,21.454545454545453,22.589992140424417
Josh Martin,33.27272727272727,36.80754795663052
Jamie Henry,48.09090909090909,47.661893939393934
Mitchell Jack Dickenson,33.0,30.969917355371905
Aaron Norris,47.0,47.661893939393934
Douglas Bj�resten,14.727272727272727,14.155785123966945
Samuel Gussman,46.72727272727273,47.661893939393934
Daladier Gerardo Ch�vez V�squez,31.454545454545453,34.66771159874606
Joe Charles,47.90909090909091,49.85918666216063
Joshua Philip Clackstone,37.45454545454545,35.804713804713806
Henry Gordon Cowans,48.90909090909091,47.661893939393934
Henry Fernando Castillo Riascos,42.81818181818182,42.36421958154114
Jordan Blaise,32.18181818181818,30.969917355371905
Jordan Alawode-Williams,37.27272727272727,38.382165605095565
Lasse Sigurdsen,46.63636363636363,45.78126056100033
Bryan Alberto Chepulich Astorga,31.545454545454547,34.66771159874606
Samuel Dryden,38.09090909090909,39.926919682259495
Juan Camilo Bola�os Paredes,30.545454545454547,30.969917355371905
Craig McCabe,39.0,39.926919682259495
Callum Grogan,36.45454545454545,36.80754795663052
Petter Mathias Olsen,42.72727272727273,42.36421958154114
Josh Mailey,41.18181818181818,39.926919682259495
Ala Mohsen Al Hajji,49.36363636363637,49.85918666216063
Abdullah Nasser Al Subaie,44.90909090909091,45.78126056100033
Stian Rok�s Michalsen,45.90909090909091,47.661893939393934
Steven Rinic,48.18181818181818,49.85918666216063
Franco Sebasti�n Ortega Venegas,48.90909090909091,47.661893939393934
__ __,44.54545454545455,47.661893939393934
__ __,31.272727272727273,30.969917355371905
__ _,49.27272727272727,49.85918666216063
__ __,48.90909090909091,51.72333916083916
__ __,39.45454545454545,39.926919682259495
__ __,44.45454545454545,45.78126056100033
Sanijel Kucani,37.45454545454545,35.804713804713806
Micha_ Mokrzycki,50.54545454545455,49.85918666216063
Viktor Walld�n,44.0,44.331114808652245
In-Jae Hwang,17.272727272727273,17.025622719339992
Taofiq Olomowewe,35.27272727272727,35.804713804713806
Dong Geun Won,46.36363636363637,45.78126056100033
Hasan Shaiban,46.18181818181818,45.78126056100033
Brahyan Stiven Rivas Asprilla,43.72727272727273,44.331114808652245
Tyler Blake,48.18181818181818,47.661893939393934
Fabian Bailey,38.72727272727273,38.382165605095565
Benjamin Jeffrey Dudzinski,13.909090909090908,14.155785123966945
Harold Roma�a Mosquera,42.27272727272727,42.36421958154114
Erik Nissen,36.63636363636363,35.679170344218875
Martin Kompalla,12.363636363636363,14.155785123966945
Valentin Frank,36.0,35.804713804713806
_ukasz Sosnowski,40.54545454545455,39.926919682259495
Lasse Askou Mikkelsen,14.090909090909092,14.155785123966945
Usama Zid Al Hamdan,14.272727272727273,14.155785123966945
Anderson Aldair Herrera Azuero,42.63636363636363,41.148261134838314
Mario Mosb�ck,49.72727272727273,49.85918666216063
Yann Mvita Nkelu,32.45454545454545,30.969917355371905
Marcus Dinanga Nyamabu,43.18181818181818,42.36421958154114
Francesco Lovri_,45.09090909090909,47.661893939393934
Shane Dempsey,44.81818181818182,44.331114808652245
Aleandro Prati,14.454545454545455,14.155785123966945
Nikolay Kiritsa,49.90909090909091,49.85918666216063
Bader Al Shahrani,49.36363636363637,49.85918666216063
Bader Bandar Al Shammari,43.0,42.36421958154114
Ali Ahmed Hazazi,45.72727272727273,45.78126056100033
Cristian Barrag�n,50.18181818181818,49.85918666216063
Alyair Alberto Mora Romero,14.727272727272727,14.155785123966945
Marcus Enstr�m,36.18181818181818,35.679170344218875
Dhari Al Suwayt,50.09090909090909,51.72333916083916
_ukasz Wiech,35.36363636363637,34.66771159874606
Giuseppe Altea,49.54545454545455,47.661893939393934
Jose Castillo,14.636363636363637,17.025622719339992
Edoardo Barbato,40.45454545454545,39.926919682259495
Taher Mohamed Ahmed Taher Mohamed Mahmoud,49.18181818181818,49.85918666216063
Arkadiusz Moczad_o,31.90909090909091,22.589992140424417
Jonas Ueland Kolstad,25.272727272727273,26.487878787878785
Emil Christensen,38.18181818181818,35.679170344218875
Aleksandr Stolyarenko,40.27272727272727,38.382165605095565
Peter Hawlik,47.27272727272727,47.661893939393934
Marco Chindea,48.90909090909091,47.661893939393934
Ahmet Alper �zcan,31.545454545454547,30.969917355371905
Eoghan McCawl,52.18181818181818,49.85918666216063
Majed Mansour Al Mutairi,37.18181818181818,39.926919682259495
Giuseppe Ruggiero,47.90909090909091,47.661893939393934
Cristian Barillari,49.81818181818182,49.85918666216063
Dylan Smith,44.63636363636363,44.331114808652245
Jefferson Tarifa,45.81818181818182,44.331114808652245
Ziad Al Mutairi,47.45454545454545,47.661893939393934
Connor McLaren,44.72727272727273,44.331114808652245
Jack Breslin,33.36363636363637,34.66771159874606
Paul Finnegan,30.181818181818183,30.969917355371905
Tidjani Diawara,41.63636363636363,41.148261134838314
S�ren Bebensee,23.636363636363637,22.589992140424417
George Howard,47.90909090909091,47.661893939393934
Fran�ois Lajugie,46.0,45.78126056100033
Morten Rokkedal,36.18181818181818,35.804713804713806
Nicola Nilovi_,32.18181818181818,30.969917355371905
Jason Caffrey,38.63636363636363,39.926919682259495
Sandro Emanuel Gon�alves dos Reis Pires Semedo,45.27272727272727,45.78126056100033
Yerko Rodrigo Mu�oz Villarroel,44.63636363636363,44.331114808652245
Grzegorz Gulczy_ski,48.36363636363637,47.661893939393934
Yeison Abelardo S�arez V�squez,35.54545454545455,38.382165605095565
Joseph McNulty,45.36363636363637,45.78126056100033
Neydson Da Silva,19.818181818181817,19.821443900764013
Magnus Hart,46.18181818181818,45.78126056100033
Cain Smith,47.18181818181818,47.661893939393934
Harry Voss,13.454545454545455,14.155785123966945
Raphael Sylvain Mirval,44.27272727272727,44.331114808652245
Colin Trachsel,38.54545454545455,39.926919682259495
Jefferson Angulo Murillo,45.63636363636363,47.661893939393934
Erik Steen,37.81818181818182,35.804713804713806
Linus Andersson,29.636363636363637,30.969917355371905
Abdullah Khatab,44.09090909090909,45.78126056100033
__ __,13.545454545454545,14.155785123966945
__ __,30.363636363636363,30.969917355371905
_ __,46.54545454545455,47.661893939393934
__ __,43.09090909090909,44.331114808652245
__ __,14.545454545454545,17.025622719339992
__ __,46.36363636363637,47.661893939393934
Jhon Anderson Pe�a Pe�a,29.272727272727273,30.969917355371905
Blair MacLennan,46.27272727272727,45.78126056100033
Jordan Bentley,31.09090909090909,24.430463576158928
Michel Johan C�rdenas Gonz�lez,46.63636363636363,47.661893939393934
Freddy Yao,46.90909090909091,47.661893939393934
Rino Falk Larsen,46.45454545454545,44.331114808652245
Sumeet Passi,43.72727272727273,45.78126056100033
Ayrton Garcia Ribeiro,30.90909090909091,30.969917355371905
Christoph Leitgeb,30.818181818181817,30.969917355371905
Etienne M�tro,16.727272727272727,19.821443900764013
Leandro Lautaro Lacunza,39.81818181818182,38.382165605095565
Adrian Bjelkendal Haaranen,46.09090909090909,45.78126056100033
Kaj-Stian Pedersen Apeland,43.0,42.36421958154114
Adnan Curovic,31.09090909090909,30.969917355371905
Marvin Pfr�nder,36.0,34.66771159874606
Adam Robinson,50.45454545454545,51.72333916083916
Josh Ezewele,38.36363636363637,35.804713804713806
Joe Lea,45.81818181818182,45.78126056100033
William David P�rez Quintero,45.36363636363637,47.661893939393934
___ _,36.27272727272727,38.382165605095565
Viktor Anker,14.454545454545455,14.155785123966945
Edwin Ram�rez,46.36363636363637,45.78126056100033
Gracjan Komarnicki,32.27272727272727,34.66771159874606
Shadi Sha'aban,44.18181818181818,44.331114808652245
Albin Zackarias Lohikangas,40.36363636363637,39.926919682259495
William Jan,46.09090909090909,44.331114808652245
Simone Belometti,37.63636363636363,35.804713804713806
Knut Ahlander,45.36363636363637,44.331114808652245
Hans Petter Rolke,46.0,47.661893939393934
Mustafa Al Mousawi,45.54545454545455,47.661893939393934
Gracjan Jaroch,43.54545454545455,44.331114808652245
Diego Faccioli,14.181818181818182,17.025622719339992
Dhuwayhi Al Sahali,45.45454545454545,44.331114808652245
Oladapo Adeniyi Kayode,35.45454545454545,35.804713804713806
Filippo Strada,48.27272727272727,45.78126056100033
Sebasti�n Reyes,42.36363636363637,41.148261134838314
Lee Baxter,26.363636363636363,26.487878787878785
Andy Warrington,15.181818181818182,16.216340621403912
Aaron Shanahan,22.09090909090909,19.821443900764013
Josh Webb,30.363636363636363,30.969917355371905
Ruair� Keating,41.36363636363637,41.148261134838314
Ryan Sinnamon,35.54545454545455,34.66771159874606
Marcus Poscha,42.63636363636363,42.36421958154114
Connor Smith,49.45454545454545,47.661893939393934
Keano Deacon,44.36363636363637,44.331114808652245
Thomas McCready,48.0,47.661893939393934
Callum Bullock,47.63636363636363,47.661893939393934
Callum Buckley,34.27272727272727,35.804713804713806
Jesse Devers,43.45454545454545,42.36421958154114
Chris Brown,32.09090909090909,30.969917355371905
Daniel Lee Gallagher,46.90909090909091,44.331114808652245
Lucas Spinella,19.727272727272727,17.025622719339992
Adrian Jonuzi M�ller,19.181818181818183,17.025622719339992
Lewis Maloney,46.45454545454545,47.661893939393934
Shane Cojoc_rel,44.90909090909091,44.331114808652245
Keith Beirne,34.81818181818182,35.804713804713806
Scott McLean,42.27272727272727,42.36421958154114
Jordan Stewart,45.72727272727273,45.78126056100033
Christian Hill,45.81818181818182,44.331114808652245
Nicolas Borodine,44.63636363636363,44.331114808652245
Andrew Pawiak,46.45454545454545,47.661893939393934
Blake Tuxford,14.272727272727273,14.155785123966945
Simon Dimitrijevic,45.09090909090909,44.331114808652245
Ali Eyigun,40.09090909090909,42.36421958154114
Edin �y,48.45454545454545,47.661893939393934
Markus Tegeb�ck,43.72727272727273,44.331114808652245
Stiven Qui��nez Cort�s,38.18181818181818,39.926919682259495
__ __,46.0,47.661893939393934
__ __,43.27272727272727,45.78126056100033
Jackson Bandiera,37.72727272727273,38.382165605095565
Andrew Lewis,41.63636363636363,41.148261134838314
Tony Aghayere,12.818181818181818,14.155785123966945
Adel Ziarat Zadeh,34.36363636363637,34.66771159874606
Markus Myre Aanesland,42.72727272727273,42.36421958154114
Felix Gschossmann,12.272727272727273,14.155785123966945
Maximilian G�ppel,35.63636363636363,35.804713804713806
Charlie Gatter,32.81818181818182,34.66771159874606
Corrado Concas,43.18181818181818,42.36421958154114
Jason Hunt,47.0,45.78126056100033
Gonzalo Alonso Candia San Martin,45.45454545454545,44.331114808652245
Jos� Escalante,46.54545454545455,45.78126056100033
Raymond Skjelde,31.363636363636363,30.969917355371905
Philip Sandvik Aukland,31.0,24.430463576158928
Adam Page,46.36363636363637,45.78126056100033
Viktor Erik Frodig,13.545454545454545,14.155785123966945
Luca Gratzer,17.181818181818183,17.025622719339992
Connor Quigley,36.72727272727273,34.66771159874606
Bradley Clarke,37.45454545454545,38.382165605095565
Layousse Diallo,32.18181818181818,35.804713804713806
Dylan Parkin,16.454545454545453,17.025622719339992
Jhon Edy Mena P�rez,46.09090909090909,45.78126056100033
Jacob Rekdahl Faye Lund,20.90909090909091,19.821443900764013
Ryan McConnell,36.36363636363637,35.804713804713806
Dominic Oduro,40.72727272727273,42.36421958154114
Connor Riley-Lowe,35.72727272727273,35.804713804713806
Alisdair Sutherland,40.90909090909091,39.926919682259495
Noel Burdett,42.81818181818182,42.36421958154114
David Gregory,17.90909090909091,19.821443900764013
Billy Haywood Whitehouse,44.81818181818182,42.36421958154114
Connor Gleeson,21.90909090909091,19.821443900764013
Connor Brandt,46.09090909090909,44.331114808652245
Anton Reilly,34.63636363636363,34.66771159874606
Alexander Frank,40.45454545454545,39.926919682259495
Christian Schaanning M�rch,19.09090909090909,19.821443900764013
Emil Gundelach �degaard,19.363636363636363,19.821443900764013
Brayan Berm�dez Mazo,43.27272727272727,47.661893939393934
Clive Smith,37.54545454545455,35.804713804713806
Conor English,42.0,41.148261134838314
Duvan Torres Caicedo,44.81818181818182,45.78126056100033
Nicolai Laursen,14.818181818181818,14.155785123966945
Dylan James McGlade,45.45454545454545,45.78126056100033
Kristoffer Ryland,45.45454545454545,44.331114808652245
__ __,41.0,42.36421958154114
Ciaran Nugent,14.727272727272727,14.155785123966945
Christopher McLaughlin,37.36363636363637,35.804713804713806
Tristan Noack-Hofmann,33.18181818181818,34.66771159874606
Jack Blackford,45.18181818181818,45.78126056100033
Calvin Davies,42.0,42.36421958154114
Cody Mulhall,41.27272727272727,41.148261134838314
Gloire Rutikanga,43.81818181818182,44.331114808652245
Ben Pollock,31.272727272727273,30.969917355371905
Rory Oliver,49.54545454545455,47.661893939393934
Kacy Butterfield,44.0,42.36421958154114
Jos� Garc�a Ruiz de la Cuesta,44.36363636363637,44.331114808652245
__ __,17.09090909090909,17.025622719339992
Jasko Keranovic,13.0,14.155785123966945
Andrew O'Connor,36.36363636363637,35.804713804713806
Sigurd Tafjord,30.09090909090909,30.969917355371905
Mats Johansen Olsen,14.181818181818182,14.155785123966945
Bernardo Ignacio Mendoza Maluenda,45.36363636363637,44.331114808652245
Rasmus Overgaard,15.090909090909092,14.155785123966945
Conor O'Keeffe,31.272727272727273,30.969917355371905
Alan Kehoe,34.0,35.804713804713806
Ryan Lane,50.36363636363637,49.85918666216063
Lorenzo Ranelli,45.81818181818182,44.331114808652245
Kieran Thomas Green,43.63636363636363,42.36421958154114
Oisin Connolly,31.818181818181817,30.969917355371905
Stephen Rennie,44.81818181818182,44.331114808652245
Kyron Cassius Daniel Farrell,45.18181818181818,44.331114808652245
Craig King,17.454545454545453,19.821443900764013
Guillaume Dor�,43.63636363636363,42.36421958154114
Giovanni Patella,14.636363636363637,14.155785123966945
Nathan Kerr,37.18181818181818,35.804713804713806
Andrew MacRae,41.36363636363637,39.926919682259495
Troy Carey,43.36363636363637,42.36421958154114
__ __,43.72727272727273,44.331114808652245
Andrew Connolly,41.0,41.148261134838314
Jordan Lymn,42.90909090909091,42.36421958154114
Pedro �ngel Valoyes Rojano,36.72727272727273,35.804713804713806
Joseph Pugh,39.45454545454545,41.148261134838314
Nathan Webb,41.72727272727273,44.331114808652245
Pat McCann,41.63636363636363,42.36421958154114
Sam Muggleton,38.27272727272727,35.804713804713806
Sam Verdon,43.27272727272727,42.36421958154114
Kisimba Kisimba,43.63636363636363,44.331114808652245
Daniel Hoban,21.0,19.821443900764013
Corey James Chambers,20.363636363636363,19.821443900764013
Calum Kitscha,19.09090909090909,17.025622719339992
Sean Fogarty,18.454545454545453,17.025622719339992
Matthew Smyth,29.636363636363637,30.969917355371905
Aron Dean Pollock,31.272727272727273,30.969917355371905
Cian Fay,39.90909090909091,41.148261134838314
Ian Molloy,16.272727272727273,17.025622719339992
__ _,13.727272727272727,14.155785123966945
Paul Brennan,43.72727272727273,42.36421958154114
Jake Evans,42.54545454545455,44.331114808652245
Ben Jones,30.363636363636363,30.969917355371905
Ousmane Kanout�,13.545454545454545,14.155785123966945
George Jeacock,40.0,41.148261134838314
Kwame Owusu Boateng,29.90909090909091,24.430463576158928
Shay Dunlop,33.0,35.804713804713806
Gary Armstrong,43.54545454545455,42.36421958154114
James King,31.545454545454547,30.969917355371905
Fabian Ehmann,18.181818181818183,17.025622719339992
Shane Hanney,44.54545454545455,44.331114808652245
Craig Donnellan,42.0,42.36421958154114
Gavin Dowling,15.272727272727273,14.155785123966945
Conor Sutton,43.36363636363637,44.331114808652245
Paul White,19.727272727272727,19.821443900764013
Lewis Bamford,33.81818181818182,34.66771159874606
Jordan Richards,45.81818181818182,45.78126056100033
Liam Angel,27.636363636363637,30.969917355371905
Kesi Omolokun,31.636363636363637,35.804713804713806
Ronan Wilson,38.72727272727273,38.382165605095565
Dylan Doherty,13.272727272727273,14.155785123966945
Mark Foden,17.09090909090909,17.025622719339992
Sam Ramsbottom,15.181818181818182,14.155785123966945
Dean Mahon,21.636363636363637,19.821443900764013
Tommy Ouldridge,40.63636363636363,39.926919682259495
Dylan McGoey,15.272727272727273,14.155785123966945
Alex Atkinson,36.72727272727273,39.926919682259495
Josh Venney,40.09090909090909,42.36421958154114
